Database,Article source,Authors,Title,Year,DOI,Short description,Keywords,APA
Scopus,Array,Altowairqi S.; Luo S.; Greer P.; Chen S.,Efficient crowd anomaly detection using C3D-LSTM networks with enhanced attention mechanisms,2026,doi.org/10.1016/j.array.2025.100625,"The rising deployment of surveillance systems in urban environments necessitates efficient automated anomaly detection methods. While showing promise, current deep learning approaches struggle with computational complexity and real-time performance in processing spatiotemporal information. This paper presents a hybrid framework integrating Convolutional 3D Networks (C3D), Long Short-Term Memory (LSTM) networks, and attention mechanisms for anomaly detection. Through a systematic evaluation of four attention mechanisms—self-attention, multi-head attention, Bahdanau attention, and Luong attention—we demonstrate their operational differences and their differential impact on feature extraction and classification performance across three diverse benchmark datasets. Our multi-head attention variant achieves state-of-the-art results with 99.40 % accuracy and 99.96 % Area Under the Curve (AUC) on Violent Flows, while maintaining robust performance across varying dataset complexities, achieving 91.87 % accuracy on the ShanghaiTech Campus and 79.7 % accuracy on the UCF-Crime dataset. Comprehensive cross-dataset evaluation demonstrates consistent improvements of 2.4 %–3.5 % over baseline approaches, with all attention mechanisms outperforming traditional spatiotemporal models. The proposed architecture effectively balances computational requirements with detection performance, maintaining real-time processing capabilities suitable for operational deployment. This framework advances the technical capabilities of anomaly detection systems while providing a validated foundation for practical deployment in diverse surveillance environments, from controlled scenarios to challenging real-world conditions.",COMP,
Scopus,Journal of Internet Services and Information Security,Tapia Leon F.; Collahuazo J.D.; Farinango P.C.; Chiliquinga C.; Tello-Oquendo L.; Rivera J.,Early Warning System for Firearm Detection on University Campuses Using Computer Vision,2026,doi.org/10.58346/JISIS.2026.I1.008,"Firearm violence in educational settings represents a critical challenge to institutional security globally. This study proposes an innovative system for early detection of firearms using advanced computer vision techniques, convolutional neural networks (CNN), and computational intelligence in educational institutions. The main objective was to develop a deep learning model based on CNN architectures capable of identifying and alerting the presence of weapons in real time, improving traditional security protocols. The methodology implemented a systematic approach comprising three fundamental stages: data collection, model training, and experimental validation. For model training, a set of 9,000 rigorously labeled images processed using the Roboflow tool was used. The YOLOv5 algorithm, implemented in Google Colab, allows training a detection model with high-precision parameters. The system was integrated directly with the security camera infrastructure of the university campus. Experimental results demonstrated remarkable efficiency: 99% accuracy, 93% detection rate and 97% overall performance. The system can continuously monitor spaces, triggering instant alerts upon identification of potential threats, with a processing capacity that significantly exceeds traditional human monitoring. The findings suggest that machine vision is a promising strategy for strengthening preventive security in educational institutions. Future research will focus on optimizing the model's adaptability to diverse environments and environmental conditions, potentially expanding its implementation to different types of institutions.",COMP; ENGI,
Scopus,Electronics Switzerland,An M.; Lim H.-Y.; Kang D.-S.,An Enhanced LSTM with Hippocampal-Inspired Episodic Memory for Urban Crowd Behavior Analysis,2026,doi.org/10.3390/electronics15010101,"The increasing frequency and severity of urban crowd disasters underscore a critical need for intelligent surveillance systems capable of real-time crowd anomaly detection and early warning. While deep learning models such as LSTMs, ConvLSTMs, and Transformers have been applied to video-based crowd anomaly detection, they often face limitations in long-term contextual reasoning, computational efficiency, and interpretability. To address these challenges, this paper proposes HiMeLSTM, a crowd anomaly detection framework built around a hippocampal-inspired memory-enhanced LSTM backbone that integrates Long Short-Term Memory (LSTM) networks with an Episodic Memory Unit (EMU). This hybrid design enables the model to effectively capture both short-term temporal dynamics and long-term contextual patterns essential for understanding complex crowd behavior. We evaluate HiMeLSTM on two publicly available crowd-anomaly benchmark datasets (UCF-Crime and ShanghaiTech Campus) and an in-house CrowdSurge-1K dataset, demonstrating that it consistently outperforms strong baseline architectures, including Vanilla LSTM, ConvLSTM, a lightweight spatial–temporal Transformer, and recent reconstruction-based models such as MemAE and ST-AE. Across these datasets, HiMeLSTM achieves up to 93.5% accuracy, 89.6% anomaly detection rate (ADR), and a 0.89 F1-score, while maintaining computational efficiency suitable for real-time deployment on GPU-equipped edge devices. Unlike many recent approaches that rely on multimodal sensors, optical-flow volumes, or detailed digital twins of the environment, HiMeLSTM operates solely on raw CCTV video streams combined with a simple manually defined zone layout. Furthermore, the hippocampal-inspired EMU provides an interpretable memory retrieval mechanism: by inspecting the retrieved episodes and their att ention weights, operators can understand which past crowd patterns contributed to a given decision. Overall, the proposed framework represents a significant step toward practical and reliable crowd monitoring systems for enhancing public safety in urban environments.",ENGI; COMP,
Scopus,Applied Sciences Switzerland,Singh H.; Deniz O.; Ruiz-Santaquiteria J.; Munoz J.D.; Bueno G.,DeepGun: Deep Feature-Driven One-Class Classifier for Firearm Detection Using Visual Gun Features and Human Body Pose Estimation,2025,doi.org/10.3390/app15115830,"The increasing frequency of mass shootings at public events and public buildings underscores the limitations of traditional surveillance systems, which rely on human operators monitoring multiple screens. Delayed response times often hinder security teams from intervening before an attack unfolds. Since firearms are rarely seen in public spaces and constitute anomalous observations, firearm detection can be considered as an anomaly detection (AD) problem, for which one-class classifiers (OCCs) are well-suited. To address this challenge, we propose a holistic firearm detection approach that integrates OCCs with visual hand-held gun features and human pose estimation (HPE). In the first stage, a variational autoencoder (VAE) learns latent representations of firearm-related instances, ensuring that the latent space is dedicated exclusively to the target class. Hand patches of variable sizes are extracted from each frame using body landmarks, dynamically adjusting based on the subject’s distance from the camera. In the second stage, a unified feature vector is generated by integrating VAE-extracted latent features with landmark-based arm positioning features. Finally, an isolation forest (IFC)-based OCC model evaluates this unified feature representation to estimate the probability that a test sample belongs to the firearm-related distribution. By utilizing skeletal representations of human actions, our approach overcomes the limitations of appearance-based gun features extracted by camera, which are often affected by background variations. Experimental results on diverse firearm datasets validate the effectiveness of our anomaly detection approach, achieving an F1-score of 86.6%, accuracy of 85.2%, precision of 95.3%, recall of 74.0%, and average precision (AP) of 83.5%. These results demonstrate the superiority of our method over traditional approaches that rely solely on visual features.",MATE; PHYS; ENGI; CENG; COMP,
Scopus,Computational Intelligence,Mahmoodi J.; Nezamabadi-Pour H.,Violence Detection in Video Using Statistical Features of the Optical Flow and 2D Convolutional Neural Network,2025,doi.org/10.1111/coin.70034,"The rapid growth of video data has resulted in an increasing need for surveillance and violence detection systems. Although such events occur less frequently than normal activities, developing automated video surveillance systems for violence detection has become essential to minimize labor and time waste. Detecting violent activity in videos is a challenging task due to the variability and diversity of violent behavior, which can involve a wide range of actions, motions, and interactions between people and objects. Currently, researchers employ deep learning models to detect violent behaviors. In fact, a large number of deep learning approaches are based on extracting spatio-temporal information from a video by exploiting a 3D Convolutional Neural Network (CNN). Despite their success, these techniques require a lot more parameters than 2D CNNs and have high computational complexity. Therefore, we focus on exploiting a 2D CNN to encode spatio-temporal information. Actually, statistical features of the optical flow changes are used to give this ability to a 2D CNN. These features are designed to make attention to regions of a video clip with much more motion. Accordingly, the optical flow of an input video is calculated. To determine meaningful changes in the optical flow, the optical flow magnitude of a current frame is compared with its predecessor. After that, statistical features of these changes are extracted to summarize a video clip to a 2D template, which feeds a 2D CNN. Experimental results on four benchmark datasets observe that the suggested strategy outperforms baseline ones. In particular, we make a better estimation of the spatio-temporal features in a video by shortening a video clip into a 2D template.",MATH; COMP,
Scopus,IEEE Open Journal of the Computer Society,Shin J.; Miah A.S.M.; Kaneko Y.; Hassan N.; Lee H.-S.; Jang S.-W.,Multimodal Attention-Enhanced Feature Fusion-Based Weakly Supervised Anomaly Violence Detection,2025,doi.org/10.1109/OJCS.2024.3517154,"Weakly supervised video anomaly detection (WS-VAD) plays a pivotal role in advancing intelligent surveillance systems within the field of computer vision. Despite significant research, WS-VAD continues to face challenges, particularly with unimodal approaches that struggle to extract meaningful features effectively. A few research studies have been done on the multimodal dataset fusion-based WS-VAD system, and their performance accuracy is unsatisfactory. In response, we propose a novel WS-VAD system leveraging multimodal datasets with an attention-enhanced feature fusion approach to address these challenges. Our system integrates three distinct data modalities - RGB video, optical flow, and audio signals - where each stream extracts complementary spatial and temporal features using an enhanced attention module to improve the detection accuracy and robustness. In the RGB video stream, we employ a multi-stage, attention-driven feature enhancement process to refine spatial and temporal features. This process begins with a ViT-based CLIP module, where the top k features are concatenated with I3D- and TCA-based spatiotemporal features. Temporal dependencies are then captured through uncertainty-regulated dual memory units (UR-DMUs), allowing the simultaneous learning of normal and anomalous patterns. The final stage selects the most relevant features, yielding a refined representation of RGB-based data. The second stream extracts enhanced spatiotemporal features from flow data using a deep learning and attention module. Lastly, the audio stream detects anomalies in sound patterns through an attention module integrated with the VGGish model, capturing auditory cues. The fusion of these three streams captures motion and audio signals often missed by visual analysis alone, significantly enhancing anomaly detection accuracy and robustness. Our multimodal fusion achieves an average precision (AP) of 88.28% on the XD-Violence dataset, outperforming prior models by nearly 2%, and attains AUCs of 98.71% on the ShanghaiTech dataset and 90.26% on the UCF-Crime dataset. These results underscore the effectiveness of our approach, consistently surpassing existing methods across three benchmark datasets and validating its robustness in WS-VAD applications.",COMP,
Scopus,CMES Computer Modeling in Engineering and Sciences,Abi-Nader D.; Harb H.; Jaber A.; Mansour A.; Osswald C.; Mostafa N.; Zaki C.,MARIE: One-Stage Object Detection Mechanism for Real-Time Identifying of Firearms,2025,doi.org/10.32604/cmes.2024.056816,"Security and safety remain paramount concerns for both governments and individuals worldwide. In today’s context, the frequency of crimes and terrorist attacks is alarmingly increasing, becoming increasingly intolerable to society. Consequently, there is a pressing need for swift identification of potential threats to preemptively alert law enforcement and security forces, thereby preventing potential attacks or violent incidents. Recent advancements in big data analytics and deep learning have significantly enhanced the capabilities of computer vision in object detection, particularly in identifying firearms. This paper introduces a novel automatic firearm detection surveillance system, utilizing a one-stage detection approach named MARIE (Mechanism for Real-time Identification of Firearms). MARIE incorporates the Single Shot Multibox Detector (SSD) model, which has been specifically optimized to balance the speed-accuracy trade-off critical in firearm detection applications. The SSD model was further refined by integrating MobileNetV2 and InceptionV2 architectures for superior feature extraction capabilities. The experimental results demonstrate that this modified SSD configuration provides highly satisfactory performance, surpassing existing methods trained on the same dataset in terms of the critical speed-accuracy trade-off. Through these innovations, MARIE sets a new standard in surveillance technology, offering a robust solution to enhance public safety effectively.",COMP; MATH,
Scopus,Procedia Computer Science,Ojha R.R.; Chawdary H.; Saraswat S.,Enhancing Public Safety: Real-Time Violence Detection and Notification System,2025,doi.org/10.1016/j.procs.2025.04.558,"The increasing incidence of violent events in public and private spaces necessitates the development of advanced security measures. This work introduces a novel Real-Time Violence Detection and Notification System, leveraging Faster R-CNN and MobileNetV2 architectures to analyze surveillance footage effectively. It enhances public safety by providing real-time alerts to security personnel and authorities via a Telegram bot, ensuring swift and efficient intervention. The system utilizes a combination of machine learning algorithms and computer vision techniques to accurately identify aggressive behavior while distinguishing it from non-violent activities. Comprehensive evaluations highlight the system's high accuracy, and a comparative analysis demonstrates superior performance over existing models in detecting violent behavior.",COMP,
Scopus,International Journal of Safety and Security Engineering,Pangavhane M.; Patil R.; Bharati R.; Gupta D.; Ahire P.; Patil P.; Rahane W.; Dharrao D.,Real-Time Deep Learning-Driven Surveillance with Spatiotemporal Feature Extraction for Detection of Anomalous Human Behavior Across Dynamic Environments,2025,doi.org/10.18280/ijsse.150112,"Nowadays continuous monitoring of public and private environments through Closed-Circuit Television (CCTV) is at peak attention. The identification and reporting of suspected human activity is crucial for the safety and security of the individuals and their belongings. Many researchers have provided numerous solutions for automated activity monitoring with CCTV and machine learning applications. But these models are struggling to provide high accuracy with real-time detection and triggering alert systems in a dynamic environment. The proposed model addresses these issues with a combined approach of convolutional and recurrent neural networks (Inception V3 and Bidirectional Long Short-Term Memory (BiLSTM)) with an attention mechanism to classify videos. This proposed model uses the strength of the Inception V3 network to extract spatial features from video frames, and the BiLSTM network processes these features in a time-dependent manner to the identification of suspicious human activities. Also, the attention mechanism added to proposed system to focuses on the most significant spatiotemporal variables for violence detection. This deep learning model is designed to extract spatiotemporal features and thus can extract complex patterns in human motion robustly. This model is trained with publicly available dataset to analyze the performance with accuracy in a dynamic environment. The proposed deep-learning model effectively identifies and categorizes numerous suspicious behaviors in real-time by scrutinizing video sequences. The performance analysis proves that the proposed model efficiently detects activities like loitering, aggressive behavior, and unauthorized access. This automated surveillance system strengthens security in homes as well as other public and private environments.",ENGI; ENVI,
Scopus,International Journal of Intelligent Systems,Jarraya S.K.; Masmoudi M.; Alqurashi F.A.; Alshammari S.M.,Analyzing and Detecting Abnormal Behaviors of Drug Abuse and Addiction Users in School Environments Based on Deep Learning Approaches,2025,doi.org/10.1155/int/9722173,"Drug abuse and addiction problems are one of the most serious health, social, and psychological problems facing the world. Many international studies indicate that the start of drug abuse occurs mostly in adolescence, which is the period that young people spend in schools, institutes, and universities. Drugs in the student community have become a scourge that raises increasing concern, whether among families or educators, over the fate of school children and educational attainment. Regarding their behaviors, an addicted student often exhibits abnormal behaviors such as permanent lethargy, anxiety, tremors, and aggressive behavior toward others. Moreover, to obtain drugs, the addicted student becomes compelled to resort to various means and ways, and they gradually become criminal addicts. To this endeavor, a detector of abnormal behaviors in schools has become a necessity. In this paper, we built an automatic system able to analyze and detect abnormal behaviors of addicted students and inform the educational staff and parents to know how to manage and treat them. On a technical level, we used deep learning and the recent computer vision techniques in the suggested solution due to their contributions to human behavior and emotion recognition fields. The best-recorded result (97.5%) is obtained with fused handcrafted features based on skeleton joints and deep features extracted with the MobileNet pretrained model and forwarded to a deep proposed network based on two TimeDistributed layers, one BiLSTM layer, and several Dense layers.",COMP; MATH,
Scopus,Engineering Proceedings,Ihsan U.; Jhanjhi N.Z.; Ashraf H.; Ashfaq F.; Wicaksana F.A.,A Real-Time Intelligent Surveillance System for Suspicious Behavior and Facial Emotion Analysis Using YOLOv8 and DeepFace †,2025,doi.org/10.3390/engproc2025107059,"This study describes the creation of an intelligent surveillance system based on deep learning that aims to improve real-time security monitoring by automatically identifying suspicious activity. By using cutting-edge computer vision techniques, the suggested system overcomes the drawbacks of conventional surveillance that depends on human observation to spot irregularities in public spaces. The system successfully completes motion detection, trajectory analysis, and emotion recognition by using the YOLOv8 model for object detection and DeepFace for facial emotion analysis. Roboflow is used for dataset annotation, model training with optimized parameters, and visualization of object trajectories and detection confidence. The findings show that abnormal behaviors can be accurately identified, with noteworthy observations made about the emotional expressions and movement patterns of those deemed to be threats. Even though the system performs well in real time, issues like misclassification, model explainability, and a lack of diversity in the dataset still exist. Future research will concentrate on integrating multimodal data fusion, deeper models, and temporal sequence analysis to further enhance detection robustness and system intelligence.",ENGI,
Scopus,Neurocomputing,Yang Y.; Xie L.; Fu Z.; Yan J.; Naqvi S.M.,Pose-oriented scene-adaptive matching for abnormal event detection,2025,doi.org/10.1016/j.neucom.2024.128673,"For intelligent surveillance systems, abnormal event detection automatically analyses surveillance video sequences and detects abnormal objects or unusual human actions at the frame level. Due to the lack of labelled data, most approaches are semi-supervised based on reconstruction or prediction methods. However, these methods may not generalize well to unseen scene contexts. To address this issue, we present a novel self and mutual scene-adaptive matching method for abnormal event detection. In the framework, we propose synergistic pose estimation and object detection, which effectively integrates human pose and object detection information to improve pose estimation accuracy. Then, the poses are resized to reduce the spatial distance between the source and target domains. The improved pose sequences are further fed into a spatio-temporal graph convolutional network to extract the geometric features. Finally, the features are embedded in a clustering layer to classify action types and compute normality scores. The training data is taken from the training part of common video anomaly detection datasets: UCSD PED1 & PED2, CHUK Avenue, and ShanghaiTech Campus. The proposed framework is evaluated on video sequences with unseen scene contexts in the UCSD PED2 and ShanghaiTech Campus datasets. The detection accuracy and efficiency are also evaluated in detail, and the proposed method for abnormal event detection achieves the highest AUC performance, 84.6%, on the ShanghaiTech Campus dataset and relatively high AUC performance, 96.9% and 74.8%, on UCSD PED2 & PED1 datasets. Compared with other state-of-the-art works, the performance analysis and results confirm the robustness and effectiveness of our proposed framework for cross-scene abnormal event detection.",COMP; NEUR,
Scopus,Indonesian Journal of Electrical Engineering and Informatics,Vo H.-T.; Tien P.P.; Thien N.N.; Mui K.C.,An Approach for Improving Accuracy and Optimizing Resource Usage for Violence Detection in Surveillance Cameras in IoT Systems,2024,doi.org/10.52549/ijeei.v12i4.5787,"Violence is a serious issue that can happen in many places, like streets, schools, or homes, where people hurt each other or damage things. To help prevent violence, some places use special cameras called surveillance cameras. These cameras watch over areas and look for signs of violence, like people fighting or breaking things. When they see something, they can send an alert to the police or others who can help. However, building models to detect violence in videos or surveillance cameras can be challenging. Current models may not be lightweight, fast, or use fewer resources, which means they may not work well on all devices or in all situations. So, there is a need for new models that are better at detecting violence while still being fast and using fewer resources. In this study, we focus on training multiple models to detect violence. Specifically, we fine-tune various models, including MobileNet, MobileNetV2, DenseNet121, and ResNet50V2, combined with Bidirectional Long Short-Term Memory (BiLSTM) networks. Among these models, MobileNetV2 for spatial feature extraction combined with BiLSTM for temporal feature extraction stands out for its compact size, quick processing time, and ability to achieve satisfactory results. This combination offers a lightweight solution that can efficiently detect violence in videos or surveillance footage while maintaining good performance levels in IoT systems.",COMP; ENGI; MATH,
Scopus,Iaes International Journal of Artificial Intelligence,Muriithi H.M.; Lukandu Ateya I.; Wanyembi G.,Stand-off concealed firearm detection using motion tracking and convolutional neural networks,2024,doi.org/10.11591/ijai.v13.i3.pp2666-2673,"The standoff detection of concealed firearms is crutial in managing public security in public spaces. Currently employed standoff concealed weapon detection techniques employ electromagnetic wave imaging which has been found to be extremely slow and may require expensive hardware and may not be applicable in public open spaces. Inorder to maintain safety in open spaces, artificial intelligence enabled video surveillance systems have been widely adopted. This poses an opportunity to explore video surveillance cameras as concealed weapon detectors. A review of existing video surveillance based automated weapon detection approaches discovered that the focus was on the detection of unconcealed firearms leaving a gap in the detection of concealed firearms. This study addresses the aforementioned gap by providing a standoff concealed firearm detection approach on video based on skeletal-based human motion tracking and convolutional neural networks (CNN). The motion of armed and unarmed persons was tracked using a depth camera and further classified using CNN model. The developed model reported 100% accuracy, precision, and recall scores. These results outperformed results obtained from traditional machine learning models therefore highlighting the superior capability of the proposed approach for concealed firearm detection on video to complement the efforts of human video surveillance operators.",ENGI; DECI; COMP,
Scopus,Advanced Intelligent Systems,Ul Amin S.; Kim B.; Jung Y.; Seo S.; Park S.,Video Anomaly Detection Utilizing Efficient Spatiotemporal Feature Fusion with 3D Convolutions and Long Short-Term Memory Modules,2024,doi.org/10.1002/aisy.202300706,"Surveillance cameras produce vast amounts of video data, posing a challenge for analysts due to the infrequent occurrence of unusual events. To address this, intelligent surveillance systems leverage AI and computer vision to automatically detect anomalies. This study proposes an innovative method combining 3D convolutions and long short-term memory (LSTM) modules to capture spatiotemporal features in video data. Notably, a structured coarse-level feature fusion mechanism enhances generalization and mitigates the issue of vanishing gradients. Unlike traditional convolutional neural networks, the approach employs depth-wise feature stacking, reducing computational complexity and enhancing the architecture. Additionally, it integrates microautoencoder blocks for downsampling, eliminates the computational load of ConvLSTM2D layers, and employs frequent feature concatenation blocks during upsampling to preserve temporal information. Integrating a Conv-LSTM module at the down- and upsampling stages enhances the model's ability to capture short- and long-term temporal features, resulting in a 42-layer network while maintaining robust performance. Experimental results demonstrate significant reductions in false alarms and improved accuracy compared to contemporary methods, with enhancements of 2.7%, 0.6%, and 3.4% on the UCSDPed1, UCSDPed2, and Avenue datasets, respectively.",ENGI; MATE; COMP,
Scopus,Ecti Transactions on Computer and Information Technology,Dey A.; Biswas S.; Abualigah L.,Efficient Violence Recognition in Video Streams using ResDLCNN-GRU Attention Network,2024,doi.org/10.37936/ecti-cit.2024183.255679,"Detecting Violence in video streams is essential for public safety and security due to the rising frequency of violent incidents. Despite the extensive deployment of CCTV for surveillance, the available human monitoring resources still need to catch up with the need for vigilant supervision. This research presents a new lightweight model to address this gap by accurately identifying and categorizing violent behaviors in various scenariosincluding CCTV footage. The proposed method leverages optical flow and RGB data to capture spatiotemporal features in the Violence data. Built on a Residual DLCNN architecture integrated with the Attention mechanism and GRU components, the model effectively handles high-dimensional video data, enhancing accuracy by prioritizing crucial frames containing violent and nonviolent instances. The proposed model's performance was validated on the Hockey Fights (HF), Movie Fights, and SCVD datasets, achieving impressive accuracies of 98.38%, 99.62%, and 90.57%, respectively. Here, we developed the Extended Automatic Violence Detection Dataset (EAVDD), featuring 1530 videos of violent scenes in movies, public spaces, social media, and sports. Testing the model with top fight scenes in rated movies yielded outstanding results. This research supports surveillance systems and advances short video analysis and understanding with applications in public safety, social media, sports, and law enforcement.",COMP; DECI; ENGI,
Scopus,Journal of the Brazilian Computer Society,da Silva A.V.B.; Alves Pereira L.F.,Evaluating Methods for Violence Classification and Firearm Detection in Indoor CCTV Environment,2024,doi.org/10.5753/jbcs.2024.3282,"The adoption of security systems based on computer vision for violence detection has the potential to significantly improve safety in various public and private properties. However, developing these systems can be extremely challenging.We can choose to use classification models to identify violence in images or also use object detection models to identify firearms, which may indicate robbery. Additionally, when developing such systems focused on private environments, we encounter specific challenges, such as obtaining appropriate datasets to train the algorithms. Many publicly available datasets for violence detection consist of outdoor images, with elements such as streets and cars, which do not adequately reflect the nuances and unique characteristics of private properties. In this work, we evaluate both learned and handcrafted features to classify videos as ’violence’ or ’non-violence’ across a variety of datasets, including a new dataset composed exclusively of closed-circuit television (CCTV) images. Additionally, we propose a new dataset for firearm detection in CCTV images and conduct some experiments using YoloV8. In this way, we hope to provide a clearer insight into the possible decisions when developing a security system for indoor environments.",COMP,
Scopus,Intelligent Systems with Applications,Mukto M.M.; Hasan M.; Al Mahmud M.M.; Haque I.; Ahmed M.A.; Jabid T.; Ali M.S.; Ahmmad Rashid M.R.; Manzurul Islam M.; Islam M.,Design of a real-time crime monitoring system using deep learning techniques,2024,doi.org/10.1016/j.iswa.2023.200311,"Criminal Activities and Crime Monitoring System has long been a research topic. In this paper, we propose an effective Crime Monitoring System (CMS) that can detect a crime in real-time using a camera surveillance system and notify the appropriate law enforcement officer. The CMS was proposed to counterbalance human weaknesses such as inattention, slow reaction, and slacking, for example, in detecting crimes. The proposed CMS detects crime scenes by combining the mechanisms and functionalities of closed-circuit television (CCTV) cameras with various deep-learning methods and image-processing techniques. The CMS operates in three stages: weapon detection, violence detection, and face recognition. We used transfer learning models to detect weapons, and violence and used a face recognition algorithm to recognize faces. More specifically, to detect weapons YOLOv5, and MobileNetv2 to detect violence and used face recognition algorithms to recognize faces. The image dataset is used in CMS, while the video dataset is used to train the MobileNet-based violence detection model. In this case, frame-by-frame images extracted from video files were used to train the model. All of the models performed admirably. The weapon detection model detected four different weapon classes with greater than 80% accuracy. The violence detection model is also 95% accurate. The face recognition model had a 97% accuracy rate in detecting faces. The CMS's combined model was tested in a variety of real-world scenarios, and its performance was found to be outstanding. It was able to detect crime incidents and generate timely alarms, demonstrating its effectiveness in providing security and safety.",COMP,
Scopus,Multimedia Tools and Applications,Berardini D.; Migliorelli L.; Galdelli A.; Frontoni E.; Mancini A.; Moccia S.,A deep-learning framework running on edge devices for handgun and knife detection from indoor video-surveillance cameras,2024,doi.org/10.1007/s11042-023-16231-x,"The early detection of handguns and knives from surveillance videos is crucial to enhance people’s safety. Despite the increasing development of Deep Learning (DL) methods for general object detection, weapon detection from surveillance videos still presents open challenges. Among these, the most significant are: (i) the very small size of the weapons with respect to the camera field of view and (ii) the need of a real-time feedback, even when using low-cost edge devices for computation. Complex and recently-developed DL architectures could mitigate the former challenge but do not satisfy the latter one. To tackle such limitation, the proposed work addresses the weapon-detection task from an edge perspective. A double-step DL approach was developed and evaluated against other state-of-the-art methods on a custom indoor surveillance dataset. The approach is based on a first Convolutional Neural Network (CNN) for people detection which guides a second CNN to identify handguns and knives. To evaluate the performance in a real-world indoor environment, the approach was deployed on a NVIDIA Jetson Nano edge device which was connected to an IP camera. The system achieved near real-time performance without relying on expensive hardware. The results in terms of both COCO Average Precision (AP = 79.30) and Frames per Second (FPS = 5.10) on the low-power NVIDIA Jetson Nano pointed out the goodness of the proposed approach compared with the others, encouraging the spread of automated video surveillance systems affordable to everyone.",COMP; ENGI,
Scopus,Procedia Computer Science,Haiura I.-A.; Iftene A.,Detecting Violence in Videos using Convolutional Neural Networks,2024,doi.org/10.1016/j.procs.2024.09.465,"This paper explores the practical implementation of 3D Convolutional Neural Networks (CNNs) for real-time violence detection in surveillance scenarios, focusing on applications such as traffic aggression and bullying detection. In recent years, the proliferation of surveillance cameras has provided a vast amount of visual data, necessitating efficient and accurate automated methods for threat identification. In this study, we investigate the feasibility and effectiveness of employing 3D CNNs for violence detection in real-life scenarios. We propose a comprehensive framework that integrates data augmentation techniques and fine-tuning strategies to address the challenges of limited annotated data and diverse environmental conditions. Furthermore, we conduct extensive experiments on benchmark datasets to evaluate the performance of the proposed approach in detecting physical altercations. In summary, this study highlights the efficacy of 3D CNNs in detecting physical altercations, thereby contributing to the advancement of automated surveillance systems aimed at enhancing public safety. The findings presented herein not only underscore the practical utility of deep learning techniques in addressing real-world challenges but also point towards future avenues for improving the accuracy and reliability of violence detection algorithms through multimodal integration.",COMP,
Scopus,Peerj Computer Science,Dalal S.; Lilhore U.K.; Sharma N.; Arora S.; Simaiya S.; Ayadi M.; Almujally N.A.; Ksibi A.,Improving smart home surveillance through YOLO model with transfer learning and quantization for enhanced accuracy and efficiency,2024,doi.org/10.7717/PEERJ-CS.1939,"The use of closed-circuit television (CCTV) systems is widespread in all areas where serious safety concerns exist. Keeping an eye on things manually sounds like a time-consuming and challenging process. Identifying theft, detecting aggression, detecting explosive risks, etc., are all circumstances in which the term “security’’ takes on multiple meanings. When applied to crowded public spaces, the phrase “security’’ encompasses nearly every conceivable kind of abnormality. Detecting violent behaviour among them is challenging since it typically occurs in a group setting. Several practical limitations make it hard, though complex functional limitations make it difficult to analyze crowd film scenes for anomalous or aberrant behaviour. This article provides a broad overview of the field, starting with object identification and moving on to action recognition, crowd analysis, and violence detection in a crowd setting. By combining you only look once (YOLO) with transfer learning, the model may acquire new skills from various sources. This makes it more flexible for use in various object identification applications and lessens the time and effort required to gather large annotated datasets. This article proposes the YOLO model with transfer learning for intelligent surveillance in Internet of Thing (IoT)-enabled home environments in smart cities. Quantization concepts are being applied to optimize the YOLO model in this work. Using YOLO with quantization, the model is optimized for use on edge devices and mobile platforms, which have limited computing capabilities. Thus, even with limited technology, object detection systems may be used in various real-world applications. The proposed model has been validated on two different datasets of 7,382 images. The proposed model gains an accuracy level of 98.27%. The proposed method outperforms the conventional one. The use of the YOLO model and transfer learning with quantization has significant potential for enhancing ecological smart city monitoring, and further research and development in this area could contribute to developing more effective and efficient environmental smart city monitoring systems.",COMP,
Scopus,IEEE Access,Khan M.; Saddik A.E.; Gueaieb W.; De Masi G.; Karray F.,VD-Net: An Edge Vision-Based Surveillance System for Violence Detection,2024,doi.org/10.1109/ACCESS.2024.3380192,"The automation of surveillance systems, driven by the rapid development of computer vision technology, has significantly enhanced the analysis of surveillance videos, particularly in recognition of human activity, including behavior analysis and violence detection, thereby bolstering public and industrial security. Despite these advancements, detecting and analyzing violent actions remains challenging, especially for real-time surveillance systems with limited computing power. We propose an artificial intelligence-based framework called VD-Net (Violence Detection Network), enabled by Intelligent Internet-of-Things (IIoT) to detect violent behavior in public and private spaces. The model utilizes lightweight special task temporal convolutional network (ST-TCN) blocks and several bottleneck layers to focus on salient features in the input sequence. The learned features passed from the classifier to discriminate between violent and nonviolent actions. Additionally, our system is supposed to trigger an alert if violence is detected, which is then communicated to relevant departments. We checked the robustness of our system by surveillance and non-surveillance datasets and ensured a 1-4 % improvement in State-of-The-Art (SoTA) accuracy.",COMP; MATE; ENGI,
Scopus,Sensors,Park J.-H.; Mahmoud M.; Kang H.-S.,Conv3D-Based Video Violence Detection Network Using Optical Flow and RGB Data,2024,doi.org/10.3390/s24020317,"Detecting violent behavior in videos to ensure public safety and security poses a significant challenge. Precisely identifying and categorizing instances of violence in real-life closed-circuit television, which vary across specifications and locations, requires comprehensive understanding and processing of the sequential information embedded in these videos. This study aims to introduce a model that adeptly grasps the spatiotemporal context of videos within diverse settings and specifications of violent scenarios. We propose a method to accurately capture spatiotemporal features linked to violent behaviors using optical flow and RGB data. The approach leverages a Conv3D-based ResNet-3D model as the foundational network, capable of handling high-dimensional video data. The efficiency and accuracy of violence detection are enhanced by integrating an attention mechanism, which assigns greater weight to the most crucial frames within the RGB and optical-flow sequences during instances of violence. Our model was evaluated on the UBI-Fight, Hockey, Crowd, and Movie-Fights datasets; the proposed method outperformed existing state-of-the-art techniques, achieving area under the curve scores of 95.4, 98.1, 94.5, and 100.0 on the respective datasets. Moreover, this research not only has the potential to be applied in real-time surveillance systems but also promises to contribute to a broader spectrum of research in video analysis and understanding.",CHEM; COMP; PHYS; BIOC; ENGI,
Scopus,Computers,Jebur S.A.; Hussein K.A.; Hoomod H.K.; Alzubaidi L.,Novel Deep Feature Fusion Framework for Multi-Scenario Violence Detection,2023,doi.org/10.3390/computers12090175,"Detecting violence in various scenarios is a difficult task that requires a high degree of generalisation. This includes fights in different environments such as schools, streets, and football stadiums. However, most current research on violence detection focuses on a single scenario, limiting its ability to generalise across multiple scenarios. To tackle this issue, this paper offers a new multi-scenario violence detection framework that operates in two environments: fighting in various locations and rugby stadiums. This framework has three main steps. Firstly, it uses transfer learning by employing three pre-trained models from the ImageNet dataset: Xception, Inception, and InceptionResNet. This approach enhances generalisation and prevents overfitting, as these models have already learned valuable features from a large and diverse dataset. Secondly, the framework combines features extracted from the three models through feature fusion, which improves feature representation and enhances performance. Lastly, the concatenation step combines the features of the first violence scenario with the second scenario to train a machine learning classifier, enabling the classifier to generalise across both scenarios. This concatenation framework is highly flexible, as it can incorporate multiple violence scenarios without requiring training from scratch with additional scenarios. The Fusion model, which incorporates feature fusion from multiple models, obtained an accuracy of 97.66% on the RLVS dataset and 92.89% on the Hockey dataset. The Concatenation model accomplished an accuracy of 97.64% on the RLVS and 92.41% on the Hockey datasets with just a single classifier. This is the first framework that allows for the classification of multiple violent scenarios within a single classifier. Furthermore, this framework is not limited to violence detection and can be adapted to different tasks.",COMP,
Scopus,Computer Vision and Image Understanding,Garcia-Cobo G.; SanMiguel J.C.,Human skeletons and change detection for efficient violence detection in surveillance videos,2023,doi.org/10.1016/j.cviu.2023.103739,"In our constantly monitored world, surveillance cameras play a crucial role in curbing crime and violence in public spaces by serving as a deterrent. To enhance their effectiveness, there is a growing need for automated tools that can detect crimes in real time. In this paper, we propose a novel deep learning architecture that accurately and efficiently detects violent crimes in surveillance videos. We rely on what we believe are the most essential pieces of information to detect violence, namely: human bodies and their interaction. To this end, we employ human pose extractors and change detectors as the input of our proposal. Subsequently, we combine them using a novel method, which relies on additions instead of multiplications to guarantee the transmission of information even when one of the inputs provides a zero-valued signal; outperforming other combination alternatives of the literature. Finally, to account for both spatial and temporal information, we use a convolutional alternative of the standard LSTM, the ConvLSTM. The experiments performed on several benchmark datasets demonstrate the efficacy and efficiency of our proposal, achieving state-of-the-art results with much fewer trainable parameters. We release the code to replicate the proposed architecture at https://github.com/atmguille/Violence-Detection-With-Human-Skeletons.",COMP,
Scopus,Iraqi Journal of Computers Communications Control and Systems Engineering,Jebur S.A.; Hussein K.A.; Hoomod H.K.,Abnormal Behavior Detection in Video Surveillance Using Inception-v3 Transfer Learning Approaches,2023,doi.org/10.33103/uot.ijccce.23.2.16,"The use of video surveillance systems has increased due to security concerns and their relatively low cost. Researchers are working to create intelligent Closed Circuit Television (CCTV) cameras that can automatically analyze behavior in real-time to detect anomalous behaviors and prevent dangerous accidents. Deep Learning (DL) approaches, particularly Convolutional Neural Networks (CNNs), have shown outstanding results in video analysis and anomaly detection. This research paper focused on using Inception-v3 transfer learning approaches to improve the accuracy and efficiency of abnormal behavior detection in video surveillance. The Inception-v3 network is used to classify keyframes of a video as normal or abnormal behaviors by utilizing both pre-training and fine-tuning transfer learning approaches to extract features from the input data and develop a new classifier. The UCF-Crime dataset is used to train and evaluate the proposed models. The performance of both models was evaluated using accuracy, recall, precision, and F1 score. The fine-tuned model achieved 88.0%, 89.24%, 85.83%, and 87.50% for these measures, respectively. In contrast, the pre-trained model obtained 86.2%, 86.43%, 84.62%, and 85.52%, respectively. These results demonstrate that transfer learning using Inception-v3 architecture can effectively classify normal and abnormal behaviors in videos, and fine-tuning the weights of the layers can further improve the model's performance.",ENGI,
Scopus,Information Switzerland,Perseghin E.; Foresti G.L.,A Shallow System Prototype for Violent Action Detection in Italian Public Schools,2023,doi.org/10.3390/info14040240,"This paper presents a novel low-cost integrated system prototype, called School Violence Detection system (SVD), based on a 2D Convolutional Neural Network (CNN). It is used for classifying and identifying automatically violent actions in educational environments based on shallow cost hardware. Moreover, the paper fills the gap of real datasets in educational environments by proposing a new one, called Daily School Break dataset (DSB), containing original videos recorded in an Italian high school yard. The proposed CNN has been pre-trained with an ImageNet model and a transfer learning approach. To extend its capabilities, the DSB was enriched with online images representing students in school environments. Experimental results analyze the classification performances of the SVD and investigate how it performs through the proposed DSB dataset. The SVD, which achieves a recognition accuracy of 95%, is considered computably efficient and low-cost. It could be adapted to other scenarios such as school arenas, gyms, playgrounds, etc.",COMP,
Scopus,Applied Intelligence,Le V.-T.; Kim Y.-G.,Attention-based residual autoencoder for video anomaly detection,2023,doi.org/10.1007/s10489-022-03613-1,"Automatic anomaly detection is a crucial task in video surveillance system intensively used for public safety and others. The present system adopts a spatial branch and a temporal branch in a unified network that exploits both spatial and temporal information effectively. The network has a residual autoencoder architecture, consisting of a deep convolutional neural network-based encoder and a multi-stage channel attention-based decoder, trained in an unsupervised manner. The temporal shift method is used for exploiting the temporal feature, whereas the contextual dependency is extracted by channel attention modules. System performance is evaluated using three standard benchmark datasets. Result suggests that our network outperforms the state-of-the-art methods, achieving 97.4% for UCSD Ped2, 86.7% for CUHK Avenue, and 73.6% for ShanghaiTech dataset in term of Area Under Curve, respectively.",COMP,
Scopus,Symmetry,Zhang Q.; Wei H.; Chen J.; Du X.; Yu J.,Video Anomaly Detection Based on Attention Mechanism,2023,doi.org/10.3390/sym15020528,"Camera surveillance is widely used in residential areas, highways, schools and other public places. The monitoring and scanning of sudden abnormal events depend on humans. Human anomaly monitoring not only consumes a lot of manpower and time but also has a large error in anomaly detection. Video anomaly detection based on AE (Auto-Encoder) is currently the dominant research approach. The model has a highly symmetrical network structure in the encoding and decoding stages. The model is trained by learning standard video sequences, and the anomalous events are later determined in terms of reconstruction error and prediction error. However, in the case of limited computing power, the complex model will greatly reduce the detection efficiency, and unnecessary background information will seriously affect the detection accuracy of the model. This paper uses the AE loaded with dynamic prototype units as the basic model. We introduce an attention mechanism to improve the feature representation ability of the model. Deep separable convolution operation can effectively reduce the number of model parameters and complexity. Finally, we conducted experiments on three publicly available datasets of real scenarios (UCSD Ped1, UCSD Ped2 and CUHK Avenue). The experimental results show that compared with the baseline model, the accuracy of our model improved by 1.9%, 1.4% and 6.6%, respectively, across the three datasets. Compared with many popular models, the validity of our model in anomaly detection is verified.",COMP; CHEM; MATH; PHYS,
Scopus,International Journal of Advanced Computer Science and Applications,Kozhamkulova Z.; Kirgizbayeva B.; Sembina G.; Smailova U.; Suleimenova M.; Keneskanova A.; Baizakova Z.,MoveNET Enabled Neural Network for Fast Detection of Physical Bullying in Educational Institutions,2023,doi.org/10.14569/IJACSA.2023.0140578,"In this article, we provide a MoveNET-based technique that we think may be used to detect violent actions. This strategy does not need high-computational technology, and it is able to put into action in a very short amount of time. Our method is comprised of two stages: first, the capture of features from photo sequences in order to evaluate body position; next, the application of an artificial neural network to activities classification in order to determine whether or not the picture frames include violent or hostile circumstances. A video aggression database consisting of 400 minutes of one individual's actions and 20 hours of videodata encompassing physical abuse, as well as 13 categories for distinguishing between the behaviors of the attacker and the victim, was created. In the end, the suggested approach was refined and validated by employing the collected dataset during the process. According to the findings, an accuracy rate of 98% was attained while attempting to detect aggressive behavior in video sequences. In addition, the findings indicate that the suggested technique is able to identify aggressive behavior and violent acts in a very short amount of time and is suitable for use in apps that take place in the real world.",COMP,
Scopus,International Journal of Intelligent Engineering and Systems,Khalaf S.Z.; Shujaa M.I.; Alwahhab A.B.A.,Utilizing Machine Learning and Computer Vision for the Detection of Abusive Behavior in IoT Systems,2023,doi.org/10.22266/ijies2023.0831.36,"Law enforcement and civilian protection are increasingly dependent on surveillance technologies. To prevent social, economic, and environmental harm, video surveillance situations like those in train stations, schools, and hospitals must automatically detect aggressive and suspicious behavior. Intelligent video surveillance systems now enable human interaction monitoring. Despite its security benefits, crowds and the camera's vision make it difficult to distinguish regular from abnormal activity. Therefore, there is a great deal of investigation into the many methods of identifying violent behavior. The detection approach presented in this research can be broken down into three distinct subfields. The classification methods employed led to the formation of these classes. Classifications include Gradient Descent (SGD), Adaptive boosting (ADA), Naive Base (NB), and Logistic Regression (LR) for detecting violent acts with machine learning. Methods for feature extraction and violence detection are derived using Principal Component Analysis (PCA). Dataset learning-based models for violence detection can also be evaluated using the AIRTLab dataset, a model developed to test the robustness of algorithms against false positives. In order to determine if the proposed model's resistance to false positives, accuracy (ACC) metrics were computed on the proposed model and used to set a benchmark for the AIRTLab dataset. According to the research literature, the proposed models are accurate of 98.31% with the logistic regression classifier having superior generalization skills.",COMP; ENGI,
Scopus,International Journal of Advanced Computer Science and Applications,Xu X.; Liao Z.; Xu Z.,Violent Physical Behavior Detection using 3D Spatio-Temporal Convolutional Neural Networks,2023,doi.org/10.14569/IJACSA.2023.0140891,"The use of surveillance cameras has made it possible to analyze a huge amount of data for automated surveillance. The use of security systems in schools, hotels, hospitals, and other security areas is required to identify the violent activities that can cause social, economic, and environmental damage. Detecting the mobile objects on each frame is a fundamental phase in the analysis of the video trail and the violence recognition. Therefore, a three-step approach is presented in this article. In our method, the separation of the frames containing the motion information and the detection of the violent behavior are applied at two levels of the network. First, the people in the video frames are identified by using a convolutional neural network. In the second step, a sequence of 16 frames containing the identified people is injected into the 3D CNN. Furthermore, we optimize the 3D CNN by using the visual inference and then a neural network optimization tool that transforms the pre-trained model into an average representation. Finally, this method uses the toolbox of OPENVINO to perform the optimization operations to increase the performance. To evaluate the accuracy of our algorithm, two datasets have been analyzed, which are: Violence in Movies and Hockey Fight. The results show that the final accuracy of this analysis is equal to 99.9% and 96% from each dataset.",COMP,
Scopus,IEEE Access,Aldehim G.; Asiri M.M.; Aljebreen M.; Mohamed A.; Assiri M.; Ibrahim S.S.,Tuna Swarm Algorithm With Deep Learning Enabled Violence Detection in Smart Video Surveillance Systems,2023,doi.org/10.1109/ACCESS.2023.3310885,"In smart video surveillance systems, violence detection becomes challenging to ensure public safety and security. With the proliferation of surveillance cameras in public areas, there is an increasing need for automated algorithms that can accurately and efficiently detect violent behavior in real time. This article presents a Tuna Swarm Optimization with Deep Learning Enabled Violence Detection (TSODL-VD) technique to classify violent actions in surveillance videos. The TSODL-VD technique enables the recognition of violence and can be a measure to avoid chaotic situations. In the presented TSODL-VD technique, the residual-DenseNet model is applied for feature vector generation from the input video frames and then passed into the stacked autoencoder (SAE) classifier. The SAE model is enforced to recognize the events into violence and non-violence events. To improve the violence detection effectiveness of the TSODL-VD procedure, the TSO protocol is utilized as a hyperparameter optimizer for the residual-DenseNet model. The performance validation of the TSODL-VD procedure has experimented on a benchmark violence dataset. The experimental results demonstrate that the TSODL-VD technique accomplishes precise and rapid detection outcomes over the recent state-of-the-art approaches.",COMP; MATE; ENGI,
Scopus,International Journal of Interactive Multimedia and Artificial Intelligence,Gandapur M.Q.; Verdu E.,ConvGRU-CNN: Spatiotemporal Deep Learning for Real-World Anomaly Detection in Video Surveillance System,2023,doi.org/10.9781/ijimai.2023.05.006,"Video surveillance for real-world anomaly detection and prevention using deep learning is an important and difficult research area. It is imperative to detect and prevent anomalies to develop a nonviolent society. Real-world video surveillance cameras automate the detection of anomaly activities and enable the law enforcement systems for taking steps toward public safety. However, a human-monitored surveillance system is vulnerable to oversight anomaly activity. In this paper, an automated deep learning model is proposed in order to detect and prevent anomaly activities. The real-world video surveillance system is designed by implementing the ResNet-50, a Convolutional Neural Network (CNN) model, to extract the high-level features from input streams whereas temporal features are extracted by the Convolutional GRU (ConvGRU) from the ResNet-50 extracted features in the time-series dataset. The proposed deep learning video surveillance model (named ConvGRU-CNN) can efficiently detect anomaly activities. The UCF-Crime dataset is used to evaluate the proposed deep learning model. We classified normal and abnormal activities, thereby showing the ability of ConvGRU-CNN to find a correct category for each abnormal activity. With the UCF-Crime dataset for the video surveillance-based anomaly detection, ConvGRU-CNN achieved 82.22% accuracy. In addition, the proposed model outperformed the related deep learning models.",COMP; MATH,
Scopus,Computer Systems Science and Engineering,Amin S.U.; Kim Y.; Sami I.; Park S.; Seo S.,An Efficient Attention-Based Strategy for Anomaly Detection in Surveillance Video,2023,doi.org/10.32604/csse.2023.034805,"In the present technological world, surveillance cameras generate an immense amount of video data from various sources, making its scrutiny tough for computer vision specialists. It is difficult to search for anomalous events manually in these massive video records since they happen infrequently and with a low probability in real-world monitoring systems. Therefore, intelligent surveillance is a requirement of the modern day, as it enables the automatic identification of normal and aberrant behavior using artificial intelligence and computer vision technologies. In this article, we introduce an efficient Attention-based deep-learning approach for anomaly detection in surveillance video (ADSV). At the input of the ADSV, a shots boundary detection technique is used to segment prominent frames. Next, The Lightweight Convolution Neural Network (LWCNN) model receives the segmented frames to extract spatial and temporal information from the intermediate layer. Following that, spatial and temporal features are learned using Long Short-Term Memory (LSTM) cells and Attention Network from a series of frames for each anomalous activity in a sample. To detect motion and action, the LWCNN received chronologically sorted frames. Finally, the anomaly activity in the video is identified using the proposed trained ADSV model. Extensive experiments are conducted on complex and challenging benchmark datasets. In addition, the experimental results have been compared to state-of-the-art methodologies, and a significant improvement is attained, demonstrating the efficiency of our ADSV method.",ENGI; MATH; COMP,
Scopus,Scientific Reports,Wu M.-T.,Confusion matrix and minimum cross-entropy metrics based motion recognition system in the classroom,2022,doi.org/10.1038/s41598-022-07137-z,"This research proposes a motion recognition system for early detection of students' physical aggressive behavior in the classroom. The motion recognition system recognizes physical attacks so that teachers can resolve disputes early to reduce other greater injuries. In the beginning, cameras were used in this system to monitor students’ classroom activities and to obtain body images by removing background and saliency maps. Two angles from arm to shoulder and shoulder to the center of the body are then measured and the velocity between the two frames from the movement of the body is detected, and use these angle and velocity values as the criterion for judging whether it is a physical attack. In the end, the accuracy of the proposed algorithms is verified by using the confusion matrix based on machine learning and the minimum cross entropy based on neural networks. The simulation proves that the proposed algorithm can correctly detect the attack behavior of the collected videos.",MULT,
Scopus,Sensors,Mumtaz N.; Ejaz N.; Aladhadh S.; Habib S.; Lee M.Y.,Deep Multi-Scale Features Fusion for Effective Violence Detection and Control Charts Visualization,2022,doi.org/10.3390/s22239383,"The study of automated video surveillance systems study using computer vision techniques is a hot research topic and has been deployed in many real-world CCTV environments. The main focus of the current systems is higher accuracy, while the assistance of surveillance experts in effective data analysis and instant decision making using efficient computer vision algorithms need researchers’ attentions. In this research, to the best of our knowledge, we are the first to introduce a process control technique: control charts for surveillance video data analysis. The control charts concept is merged with a novel deep learning-based violence detection framework. Different from the existing methods, the proposed technique considers the importance of spatial information, as well as temporal representations of the input video data, to detect human violence. The spatial information are fused with the temporal dimension of the deep learning model using a multi-scale strategy to ensure that the temporal information are properly assisted by the spatial representations at multi-levels. The proposed frameworks’ results are kept in the history-maintaining module of the control charts to validate the level of risks involved in the live input surveillance video. The detailed experimental results over the existing datasets and the real-world video data demonstrate that the proposed approach is a prominent solution towards automated surveillance with the pre- and post-analyses of violent events.",CHEM; COMP; PHYS; BIOC; ENGI,
Scopus,Applied Sciences Switzerland,Ahmed S.; Bhatti M.T.; Khan M.G.; Lovstrom B.; Shahid M.,Development and Optimization of Deep Learning Models for Weapon Detection in Surveillance Videos,2022,doi.org/10.3390/app12125772,"Weapon detection in CCTV camera surveillance videos is a challenging task and its impor-tance is increasing because of the availability and easy access of weapons in the market. This becomes a big problem when weapons go into the wrong hands and are often misused. Advances in computer vision and object detection are enabling us to detect weapons in live videos without human inter-vention and, in turn, intelligent decisions can be made to protect people from dangerous situations. In this article, we have developed and presented an improved real-time weapon detection system that shows a higher mean average precision (mAP) score and better inference time performance compared to the previously proposed approaches in the literature. Using a custom weapons dataset, we implemented a state-of-the-art Scaled-YOLOv4 model that resulted in a 92.1 mAP score and frames per second (FPS) of 85.7 on a high-performance GPU (RTX 2080TI). Furthermore, to achieve the benefits of lower latency, higher throughput, and improved privacy, we optimized our model for implementation on a popular edge-computing device (Jetson Nano GPU) with the TensorRT network optimizer. We have also performed a comparative analysis of the previous weapon detector with our presented model using different CPU and GPU machines that fulfill the purpose of this work, making the selection of model and computing device easier for the users for deployment in a real-time scenario. The analysis shows that our presented models result in improved mAP scores on high-performance GPUs (such as RTX 2080TI), as well as on low-cost edge computing GPUs (such as Jetson Nano) for weapon detection in live CCTV camera surveillance videos.",MATE; PHYS; ENGI; CENG; COMP,
Scopus,Mathematics,Amin S.U.; Ullah M.; Sajjad M.; Cheikh F.A.; Hijji M.; Hijji A.; Muhammad K.,EADN: An Efficient Deep Learning Model for Anomaly Detection in Videos,2022,doi.org/10.3390/math10091555,"Surveillance systems regularly create massive video data in the modern technological era, making their analysis challenging for security specialists. Finding anomalous activities manually in these enormous video recordings is a tedious task, as they infrequently occur in the real world. We proposed a minimal complex deep learning-based model named EADN for anomaly detection that can operate in a surveillance system. At the model’s input, the video is segmented into salient shots using a shot boundary detection algorithm. Next, the selected sequence of frames is given to a Convolutional Neural Network (CNN) that consists of time-distributed 2D layers for extracting salient spatiotemporal features. The extracted features are enriched with valuable information that is very helpful in capturing abnormal events. Lastly, Long Short-Term Memory (LSTM) cells are employed to learn spatiotemporal features from a sequence of frames per sample of each abnormal event for anomaly detection. Comprehensive experiments are performed on benchmark datasets. Additionally, the quantitative results are compared with state-of-the-art methods, and a substantial improvement is achieved, showing our model’s effectiveness.",COMP; MATH; ENGI,
Scopus,Sensors,Vijeikis R.; Raudonis V.; Dervinis G.,Efficient Violence Detection in Surveillance,2022,doi.org/10.3390/s22062216,"Intelligent video surveillance systems are rapidly being introduced to public places. The adoption of computer vision and machine learning techniques enables various applications for collected video features; one of the major is safety monitoring. The efficacy of violent event detection is measured by the efficiency and accuracy of violent event detection. In this paper, we present a novel architecture for violence detection from video surveillance cameras. Our proposed model is a spatial feature extracting a U-Net-like network that uses MobileNet V2 as an encoder followed by LSTM for temporal feature extraction and classification. The proposed model is computationally light and still achieves good results—experiments showed that an average accuracy is 0.82 ± 2% and average precision is 0.81 ± 3% using a complex real-world security camera footage dataset based on RWF-2000.",CHEM; COMP; PHYS; BIOC; ENGI,
Scopus,Computational Intelligence and Neuroscience,Wang B.; Yang C.; Chen Y.,Detection Anomaly in Video Based on Deep Support Vector Data Description,2022,doi.org/10.1155/2022/5362093,"Video surveillance systems have been widely deployed in public places such as shopping malls, hospitals, banks, and streets to improve the safety of public life and assets. In most cases, how to detect video abnormal events in a timely and accurate manner is the main goal of social public safety risk prevention and control. Due to the ambiguity of anomaly definition, the scarcity of anomalous data, as well as the complex environmental background and human behavior, video anomaly detection is a major problem in the field of computer vision. Existing anomaly detection methods based on deep learning often use trained networks to extract features. These methods are based on existing network structures, instead of designing networks for the goal of anomaly detection. This paper proposed a method based on Deep Support Vector Data Description (DSVDD). By learning a deep neural network, the input normal sample space can be mapped to the smallest hypersphere. Through DSVDD, not only can the smallest size data hypersphere be found to establish SVDD but also useful data feature representations and normal models can be learned. In the test, the samples mapped inside the hypersphere are judged as normal, while the samples mapped outside the hypersphere are judged as abnormal. The proposed method achieves 86.84% and 73.2% frame-level AUC on the CUHK Avenue and ShanghaiTech Campus datasets, respectively. By comparison, the detection results achieved by the proposed method are better than those achieved by the existing state-of-the-art methods.",COMP; NEUR; MATH,
Scopus,Intelligent Automation and Soft Computing,Arif E.; Shahzad S.K.; Mustafa R.; Jaffar M.A.; Iqbal M.W.,Deep neural networks for gun detection in public surveillance,2022,doi.org/10.32604/iasc.2022.021061,"The conventional surveillance and control system of Closed-Circuit Television (CCTV) cameras require human resource supervision. Almost all the criminal activities take place using weapons mostly handheld gun, revolver, or pistol. Automatic gun detection is a vital requirement now-a-days. The use of real-time object detection system for the improvement of surveillance is a promising application of Convolutional Neural Networks (CNN). We are concerned about the real-time detection of weapons for the surveillance cameras, so we focused on the implementation and comparison of faster approaches such as Region (R-CNN) and Region Fully Convolutional Networks (R-FCN) with feature extractor Visual Geometry Group (VGG) and ResNet respectively. Training and testing are done on database that consists of local environment images. These images are taken with different type and high-resolution cameras that minimize the idealism. Some metrics also defined to reduce the false positives which are specific to the solution of problem. This research also contributes to the constitution of a hybrid CNN model of both faster-based R-CNN and R-FCN. Both hybrid and existing models experimented to reduce false positive in weapon detection. Result represented in graph with calculation during and after training with confusion matrix and hybrid model results better than other models.",COMP; MATH,
Scopus,International Journal of Electrical and Computer Engineering Systems,Srihari P.; Harikiran J.,Spatio-Temporal Information for Action Recognition in Thermal Video Using Deep Learning Model,2022,doi.org/10.32985/ijeces.13.8.7,"Researchers can evaluate numerous information to ensure automated monitoring due to the widespread use of surveillance cameras in smart cities. For the monitoring of violence or abnormal behaviors in smart cities, schools, hospitals, residences, and other observationaldomains, an enhancedsafety andsecurity system is requiredto prevent any injuries thatmightresultin ecological, economic and social losses. Automatic detection for prompt actions is vital and may help the respective departments effectively. Based on thermal imaging, several researchers have concentrated on object detection, tracking, and action identification. Few studies have simultaneously extracted spatial-temporal information from a thermal image and utilized it to recognize human actions. This research provides a novelty based on frame-level and spatial and temporal features which combines richer context temporal information to address the issue of poor efficiency and less accuracy in detecting abnormal/violent behavior in thermal monitoring devices. The model can locate (bounded box) video frame areas involving different human activities andrecognize (classify)the actions. The dataset on human behavior includes videos capturedwithinfraredcamerasin bothindoor andoutdoor environments. The experimentalresults using the publicly available benchmark datasets reveal the proposed model's efficiency. Our model achieves 98.5% and 94.85% accuracy on IITR Infrared Action Recognition (IITR-IAR) and Thermal Simulated Fall (TSF) datasets, respectively. In addition, the proposed method may be evaluated in more realistic conditions, such as zooming in and out etc.",COMP; ENGI,
Scopus,Procedia Computer Science,Patwal A.; Diwakar M.; Tripathi V.; Singh P.,An investigation of videos for abnormal behavior detection,2022,doi.org/10.1016/j.procs.2023.01.202,"The identification of abnormal behavior has several applications. There are several ways, ranging from classical to deep learning based. It may be used to monitor campuses, banks, transportation, and airports. In many circumstances, the context determines whether real-life events are common or unusual. Recent video surveillance anomaly detection systems are good enough, but they come at a significant computational cost and require particular hardware resources. When it comes to real-time anomaly detection, extra emphasis must be paid on lowering model complexity, which causes computational and memory demands. This study attempts to find real-world abnormalities in CCTV recordings, such as violence, detention, property destruction, assault, burglary, blast and theft. The impact of these abnormalities on public safety is enormous. The study also provides a low-cost algorithm for detecting crowd irregularities. The proposed model uses the convolutional neural network based on DenseNet121 as the feature extractor. Our suggested framework has an AUC of 86.63 percent on the UCF-Crime dataset and obtains new stateof-the-art performance.",COMP,
Web of Science,RESULTS IN ENGINEERING,"Qasim, Maryam; Verdu, Elena",Video anomaly detection system using deep convolutional and recurrent models,2023,doi.org/10.1016/j.rineng.2023.101026,"Automatic identification of anomalies in video surveillance is an interesting research field. Even though inter-active multimedia anomaly detection algorithms have been developed, it is still hard for video surveillance to find unusual things like illegal activities and crimes. In this study, a deep convolutional neural network (CNN) and a simple recurrent unit (SRU) are used to build an automated system that can find anomalies in videos.",,
Web of Science,SCIENTIFIC REPORTS,"Qi, Baolong; Wu, Baoyuan; Sun, Bailing",Automated violence monitoring system for real-time fistfight detection using deep learning-based temporal action localization,2025,doi.org/10.1038/s41598-025-12531-4,"Fistfight detection in video data is a critical task in video surveillance systems, where identifying physical altercations in real-time can enhance safety and security in public spaces.",,
Web of Science,ALEXANDRIA ENGINEERING JOURNAL,"Ali, Shehzad; Islam, Tanvir; Lee, Ik Hyun; Hijji, Mohammad; Muhammad, Khan",CABAD: A video dataset for benchmarking child aggression recognition,2025,doi.org/10.1016/j.aej.2025.06.035,Recognizing aggressive behaviors in children is critical for early intervention and support in managing emotional and behavioral challenges.,,
Web of Science,FRONTIERS IN COMPUTER SCIENCE,"Ha, Ngo Duong Tran, Nhu Y. Thuy, Le Nhi Lam Shimizu, Ikuko Bao, Pham The",Violence region localization in video and the school violent actions classification,2023,doi.org/10.3389/fcomp.2023.1274928,Classification of school violence has been proven to be an effective solution for preventing violence within educational institutions.,,
Web of Science,ANNALES MATHEMATICAE ET INFORMATICAE,"Almurumudhe, M.I.",Motion enhanced video anomaly detection using masked autoencoder and hybrid loss functions,2025,doi.org/10.33039/ami.2025.10.015,,,
Web of Science,,,,,doi.org/10.32604/cmc.2022.024566,,,
